{"VERSION":0,"CLOCK":"{\"VERSION\":0,\"BPM\":135}","UI":8,"MIDI":"{\"VERSION\":0,\"CONTROLS\":{\"16\":{\"Item1\":0,\"Item2\":77},\"5\":{\"Item1\":0,\"Item2\":78},\"33\":{\"Item1\":0,\"Item2\":79}},\"BUTTONS\":{\"0\":{\"Item1\":0,\"Item2\":108}}}","CURRBANK":2,"CURRPGRM":1,"PGRM00":"{\"VERSION\":0,\"SRC1\":\"{\\\"VERSION\\\":0,\\\"ID\\\":0,\\\"TYPE\\\":15,\\\"FLOATS\\\":[0.499926984,0.516944647,0.464281261,1.0,0.531488657,0.0,0.0,0.0],\\\"STRINGS\\\":[]}\",\"SRC2\":\"{\\\"VERSION\\\":0,\\\"ID\\\":1,\\\"TYPE\\\":4,\\\"FLOATS\\\":[0.431859016,0.247102425,0.3905317,0.110924013,0.5436855,0.0,0.830544949,0.0],\\\"STRINGS\\\":[]}\",\"MIX\":\"{\\\"VERSION\\\":0,\\\"TYPE\\\":1,\\\"FLOATS\\\":[0.5485473,0.0,0.0,0.0,0.0,0.0,0.0,0.0]}\",\"FX1\":\"{\\\"VERSION\\\":0,\\\"TYPE\\\":9,\\\"FLOATS\\\":[0.6141846,0.465893149,0.4902034,0.0,0.0,0.0,0.0,0.0]}\",\"FX2\":\"{\\\"VERSION\\\":0,\\\"TYPE\\\":2,\\\"FLOATS\\\":[0.468324155,0.0963378,0.7722006,0.8134448,0.5874435,0.0,0.0,0.0]}\",\"FX3\":\"{\\\"VERSION\\\":0,\\\"TYPE\\\":18,\\\"FLOATS\\\":[0.419662356,0.0,1.0,0.419662029,0.0,0.0,0.0,1.0]}\",\"MOD1\":\"{\\\"VERSION\\\":0,\\\"TYPE\\\":1,\\\"FLOATS\\\":[0.4756172,1.0,0.495065361],\\\"PARAMS\\\":[{\\\"processor\\\":0,\\\"ctrlIndex\\\":0},{\\\"processor\\\":0,\\\"ctrlIndex\\\":0}],\\\"INTS\\\":[]}\",\"MOD2\":\"{\\\"VERSION\\\":0,\\\"TYPE\\\":3,\\\"FLOATS\\\":[0.465893149,0.468324155,0.876734],\\\"PARAMS\\\":[{\\\"processor\\\":0,\\\"ctrlIndex\\\":0},{\\\"processor\\\":0,\\\"ctrlIndex\\\":0}],\\\"INTS\\\":[]}\"}","PGRM01":"{\"VERSION\":0,\"SRC1\":\"{\\\"VERSION\\\":0,\\\"ID\\\":0,\\\"TYPE\\\":15,\\\"FLOATS\\\":[0.499926984,0.516944647,0.464281261,1.0,0.531488657,0.0,0.0,0.0],\\\"STRINGS\\\":[]}\",\"SRC2\":\"{\\\"VERSION\\\":0,\\\"ID\\\":1,\\\"TYPE\\\":4,\\\"FLOATS\\\":[0.431859016,0.247102425,0.3905317,0.110924013,0.5436855,0.0,0.830544949,0.0],\\\"STRINGS\\\":[]}\",\"MIX\":\"{\\\"VERSION\\\":0,\\\"TYPE\\\":1,\\\"FLOATS\\\":[0.5485473,0.0,0.0,0.0,0.0,0.0,0.0,0.0]}\",\"FX1\":\"{\\\"VERSION\\\":0,\\\"TYPE\\\":9,\\\"FLOATS\\\":[0.6141846,0.37837708,0.4902034,0.0,0.0,0.0,0.0,0.0]}\",\"FX2\":\"{\\\"VERSION\\\":0,\\\"TYPE\\\":2,\\\"FLOATS\\\":[0.468324155,0.0963378,0.769769549,0.750321746,1.0,0.0,0.0,0.0]}\",\"FX3\":\"{\\\"VERSION\\\":0,\\\"TYPE\\\":18,\\\"FLOATS\\\":[0.419662356,0.0,1.0,0.419662029,0.5655643,1.0,1.0,0.0]}\",\"MOD1\":\"{\\\"VERSION\\\":0,\\\"TYPE\\\":1,\\\"FLOATS\\\":[0.4756172,1.0,0.495065361],\\\"PARAMS\\\":[{\\\"processor\\\":0,\\\"ctrlIndex\\\":0},{\\\"processor\\\":0,\\\"ctrlIndex\\\":0}],\\\"INTS\\\":[]}\",\"MOD2\":\"{\\\"VERSION\\\":0,\\\"TYPE\\\":3,\\\"FLOATS\\\":[0.465893149,0.468324155,0.876734],\\\"PARAMS\\\":[{\\\"processor\\\":0,\\\"ctrlIndex\\\":0},{\\\"processor\\\":0,\\\"ctrlIndex\\\":0}],\\\"INTS\\\":[]}\"}","PGRM02":"{\"VERSION\":0,\"SRC1\":\"{\\\"VERSION\\\":0,\\\"ID\\\":0,\\\"TYPE\\\":15,\\\"FLOATS\\\":[0.499926984,0.516944647,0.464281261,1.0,0.531488657,0.0,0.0,0.0],\\\"STRINGS\\\":[]}\",\"SRC2\":\"{\\\"VERSION\\\":0,\\\"ID\\\":1,\\\"TYPE\\\":4,\\\"FLOATS\\\":[0.431859016,0.247102425,0.3905317,0.110924013,0.5436855,0.0,0.830544949,0.0],\\\"STRINGS\\\":[]}\",\"MIX\":\"{\\\"VERSION\\\":0,\\\"TYPE\\\":1,\\\"FLOATS\\\":[0.5485473,0.0,0.0,0.0,0.0,0.0,0.0,0.0]}\",\"FX1\":\"{\\\"VERSION\\\":0,\\\"TYPE\\\":9,\\\"FLOATS\\\":[0.6141846,0.37837708,0.4902034,0.0,0.0,0.0,0.0,0.0]}\",\"FX2\":\"{\\\"VERSION\\\":0,\\\"TYPE\\\":2,\\\"FLOATS\\\":[1.0,0.234947085,0.431859016,0.344218284,0.8986133,0.0,0.0,0.0]}\",\"FX3\":\"{\\\"VERSION\\\":0,\\\"TYPE\\\":18,\\\"FLOATS\\\":[0.368652731,0.0,0.641745031,0.59716785,0.0,0.0,0.0,0.2309046]}\",\"MOD1\":\"{\\\"VERSION\\\":0,\\\"TYPE\\\":1,\\\"FLOATS\\\":[0.4756172,1.0,0.495065361],\\\"PARAMS\\\":[{\\\"processor\\\":0,\\\"ctrlIndex\\\":0},{\\\"processor\\\":0,\\\"ctrlIndex\\\":0}],\\\"INTS\\\":[]}\",\"MOD2\":\"{\\\"VERSION\\\":0,\\\"TYPE\\\":3,\\\"FLOATS\\\":[0.465893149,0.468324155,0.876734],\\\"PARAMS\\\":[{\\\"processor\\\":0,\\\"ctrlIndex\\\":0},{\\\"processor\\\":0,\\\"ctrlIndex\\\":0}],\\\"INTS\\\":[]}\"}","PGRM03":"{\"VERSION\":0,\"SRC1\":\"{\\\"VERSION\\\":0,\\\"ID\\\":0,\\\"TYPE\\\":15,\\\"FLOATS\\\":[0.499926984,0.516944647,0.464281261,1.0,0.531488657,0.0,0.0,0.0],\\\"STRINGS\\\":[]}\",\"SRC2\":\"{\\\"VERSION\\\":0,\\\"ID\\\":1,\\\"TYPE\\\":4,\\\"FLOATS\\\":[0.431859016,0.247102425,0.3905317,0.110924013,0.5436855,0.0,0.830544949,0.0],\\\"STRINGS\\\":[]}\",\"MIX\":\"{\\\"VERSION\\\":0,\\\"TYPE\\\":1,\\\"FLOATS\\\":[0.5485473,0.0,0.0,0.0,0.0,0.0,0.0,0.0]}\",\"FX1\":\"{\\\"VERSION\\\":0,\\\"TYPE\\\":9,\\\"FLOATS\\\":[0.6141846,0.37837708,0.4902034,0.0,0.0,0.0,0.0,0.0]}\",\"FX2\":\"{\\\"VERSION\\\":0,\\\"TYPE\\\":2,\\\"FLOATS\\\":[0.468324155,0.2641192,0.7722006,0.8134448,0.5874435,0.0,0.0,0.0]}\",\"FX3\":\"{\\\"VERSION\\\":0,\\\"TYPE\\\":18,\\\"FLOATS\\\":[0.541254461,0.0,1.0,0.0,0.0,0.0,0.0,0.0]}\",\"MOD1\":\"{\\\"VERSION\\\":0,\\\"TYPE\\\":1,\\\"FLOATS\\\":[0.4756172,1.0,0.495065361],\\\"PARAMS\\\":[{\\\"processor\\\":0,\\\"ctrlIndex\\\":0},{\\\"processor\\\":0,\\\"ctrlIndex\\\":0}],\\\"INTS\\\":[]}\",\"MOD2\":\"{\\\"VERSION\\\":0,\\\"TYPE\\\":3,\\\"FLOATS\\\":[0.465893149,0.468324155,0.876734],\\\"PARAMS\\\":[{\\\"processor\\\":0,\\\"ctrlIndex\\\":0},{\\\"processor\\\":0,\\\"ctrlIndex\\\":0}],\\\"INTS\\\":[]}\"}","PGRM10":"{\"VERSION\":0,\"SRC1\":\"{\\\"VERSION\\\":0,\\\"ID\\\":0,\\\"TYPE\\\":14,\\\"FLOATS\\\":[0.7965108,0.745459437,0.755183339,0.5607027,0.633632839,0.0,0.0,0.0],\\\"STRINGS\\\":[]}\",\"SRC2\":\"{\\\"VERSION\\\":0,\\\"ID\\\":1,\\\"TYPE\\\":14,\\\"FLOATS\\\":[0.0283113513,0.7211493,0.463420421,0.110924013,0.5436855,0.0,0.0,0.0],\\\"STRINGS\\\":[]}\",\"MIX\":\"{\\\"VERSION\\\":0,\\\"TYPE\\\":1,\\\"FLOATS\\\":[0.7649077,0.0,0.0,0.0,0.0,0.0,0.0,0.0]}\",\"FX1\":\"{\\\"VERSION\\\":0,\\\"TYPE\\\":9,\\\"FLOATS\\\":[0.34434244,0.6871149,0.0,0.0,0.0,0.0,0.0,0.0]}\",\"FX2\":\"{\\\"VERSION\\\":0,\\\"TYPE\\\":7,\\\"FLOATS\\\":[0.0,0.0,0.349204957,1.0,0.09151718,0.0,0.0,0.0]}\",\"FX3\":\"{\\\"VERSION\\\":0,\\\"TYPE\\\":2,\\\"FLOATS\\\":[0.0,0.193619609,0.8645369,0.8378379,0.436721027,0.0,0.0,0.0]}\",\"MOD1\":\"{\\\"VERSION\\\":0,\\\"TYPE\\\":0,\\\"FLOATS\\\":[0.4902034,0.0,0.5728576],\\\"PARAMS\\\":[{\\\"processor\\\":0,\\\"ctrlIndex\\\":0},{\\\"processor\\\":0,\\\"ctrlIndex\\\":0}],\\\"INTS\\\":[]}\",\"MOD2\":\"{\\\"VERSION\\\":0,\\\"TYPE\\\":3,\\\"FLOATS\\\":[0.5631337,0.0,0.465893149],\\\"PARAMS\\\":[{\\\"processor\\\":0,\\\"ctrlIndex\\\":1},{\\\"processor\\\":0,\\\"ctrlIndex\\\":0}],\\\"INTS\\\":[]}\"}","PGRM11":"{\"VERSION\":0,\"SRC1\":\"{\\\"VERSION\\\":0,\\\"ID\\\":0,\\\"TYPE\\\":4,\\\"FLOATS\\\":[0.40997988,0.5072203,0.3419119,0.4586002,0.4545573,1.0,0.0,0.0],\\\"STRINGS\\\":[]}\",\"SRC2\":\"{\\\"VERSION\\\":0,\\\"ID\\\":1,\\\"TYPE\\\":17,\\\"FLOATS\\\":[0.434289724,0.896182239,0.78921777,0.3224637,0.0,0.0,0.0,0.0],\\\"STRINGS\\\":[]}\",\"MIX\":\"{\\\"VERSION\\\":0,\\\"TYPE\\\":1,\\\"FLOATS\\\":[0.97640574,0.0,0.0,0.0,0.0,0.0,0.0,0.0]}\",\"FX1\":\"{\\\"VERSION\\\":0,\\\"TYPE\\\":7,\\\"FLOATS\\\":[0.0,1.0,0.5850125,1.0,1.0,0.283567637,0.0,0.5290991]}\",\"FX2\":\"{\\\"VERSION\\\":0,\\\"TYPE\\\":3,\\\"FLOATS\\\":[0.6044607,0.047759138,0.2299605,0.553367853,0.6190469,0.0,0.0,0.0]}\",\"FX3\":\"{\\\"VERSION\\\":0,\\\"TYPE\\\":18,\\\"FLOATS\\\":[0.463461757,0.0,1.0,0.403506041,0.0,0.0963796452,0.400255859,0.623908639]}\",\"MOD1\":\"{\\\"VERSION\\\":0,\\\"TYPE\\\":0,\\\"FLOATS\\\":[0.5,0.5072203,1.0],\\\"PARAMS\\\":[{\\\"processor\\\":0,\\\"ctrlIndex\\\":1},{\\\"processor\\\":0,\\\"ctrlIndex\\\":0}],\\\"INTS\\\":[]}\",\"MOD2\":\"{\\\"VERSION\\\":0,\\\"TYPE\\\":3,\\\"FLOATS\\\":[0.380807638,0.5047893,0.5],\\\"PARAMS\\\":[{\\\"processor\\\":0,\\\"ctrlIndex\\\":0},{\\\"processor\\\":0,\\\"ctrlIndex\\\":0}],\\\"INTS\\\":[]}\"}",